{
    "BZA": [
      16.532001400000002,
      80.617656
    ],
    "GDR": [
      14.1487,
      79.8456
    ]
  }